Tăng âm lượng|1
Giảm âm lượng|1
Tìm kiếm Sơn Tùng trên Youtube|2
Thời tiết hôm nay|3
Tìm kiếm Ronaldo|3
Messi là ai|3
Tắt âm|1
Tăng âm lượng tv|1
Giảm âm lượng kênh|1
Nên mang gì khi đi chơi|3
3 cộng 4|3
Tìm đường từ Linh Đàm đến Keangnam|3
Bạn muốn hẹn hò|3
Làm gì khi bị cảm cúm|3
Giải toán cao cấp|3
Trực tiếp bóng đá|3
Hài vân sơn bảo liêm|2
Giọng ải giọng ai trên Youtube|2
Video kỹ năng rê bóng|2
Clip chung kết C1|2
Video Lý Liên Kiêt|2
Kết quả bóng đá hôm nay|3
Thời sự hôm nay|2
Xem phim hài trên Youtube|2
Chuyển kênh 20|4
Chuyển kênh 03|4
Chuyển kênh 20|4
Bật kênh 03|4
Mở kênh 20|4
Đến kênh 03|4
Chuyển kênh 21|4
Chuyển kênh 31|4
Chuyển kênh 4|4
Bật kênh 1|4
Chuyển kênh 3|4
Chuyển kênh 2|4
Việt Nam vô địch sea games|3
Đua f1 tại Việt Nam|3
Europa League|3
Linh Miu là ai|3
Có nên mua Iphone 12|3
Iphone 12 giá bao nhiêu|3
Bài test đột quị đơn giản nhất|3
Địch lệ nhiệt ba|3
Ronaldo và Messi|3
Xem tiếu ngạo giang hồ|3
Nhạc phim Tân dòng sông li biệt|2
Tìm kiếm Ronaldo kĩ thuật trên Youtube|2
Tại sao nước biển lại mặn?|3
Độ cao của Landmark 81|3
Vua bánh mì tập 65|2
Đám cưới Công Phượng|3
Hồ Thị Kim Thoa là ai?|3
Giá vàng hôm nay|3
Dự báo thời tiết hôm nay|3
Kết quả ngoại hạng anh|3
Black Friday là gì?|3
Liên minh tốc chiến ra mắt|3
Các đội vòng loại trực tiếp Champions League|3
Bảng xếp hạng ngoại hạng anh|3
Bảng xếp hạng Seria|3
Bảng xếp hạng vô địch quốc gia Ý|3
Hoa nở không màu trên Youtube|2
Hoài Lâm là ai|3
Sông Lam Nghệ An|3
Huấn luyện viên Bóng đá nam Việt Nam|3
Hoa hậu Việt Nam 2020|3
Lời chúc hay ngày 20 tháng 11|3
Tết âm lịch ngày bao nhiêu|3
Ngày thành lập liên đoàn bóng đá Việt Nam|3
Trong cơ thể người bao nhiêu phần trăm là nước|3
Các nguyên tố chính của trái đất|3
Máy giặt của hãng nào tốt|3
Nên mua tủ lạnh ở đâu|3
Chúc mừng ngày nhà giáo Việt Nam|3
Cướp ở fpt|3
Đi chơi Tam Đảo có gì|3
Công thức thịt bò xào cần tỏi|3
Lịch sử Youtube|3
Lịch sử triều Nguyễn Việt Nam|3
Nghĩa Hòa Đoàn là gì|3
Kim loại nào đắt nhất thế giới|3
Top 10 kim loại đắt nhất|3
Tại sao kim cương lại cứng|3
SQL là gì|3
Tại sao thuyền lại có thể nổi được|3
Hoài Linh tên thật là gì|3
Chuyển động 24 giờ trên Youtube|2
Đại lý Apple tại Việt Nam|3
Độ ta không độ nàng trên Youtube|2
Hoàng hậu ki tập 2|3
Iphone 11 pro giá bao nhiêu|3
Mở hãy trao cho anh Youtube|2
Youtube Bạn muốn hẹn hò|2
Ca sĩ Hồ Quang Hiếu|3
Thời tiết tuần này|3
Sút xa trong PES 2021|3
Bán đĩa game PS4|3
Đánh giá PS5|3
Ronaldo có bao nhiêu quả bóng vàng|3
Youtube là gì|3
Trên Youtube kiếm tiền|3
Lịch sử trung quốc|3
Lịch sử Việt Nam|3
Võ Tắc Thiên là ai|3
Chiều dài sông Nin|3
Sông nào dài nhất thế giới|3
Youtube hướng dẫn chơi dota2|2
Hướng dẫn chơi liên quân trên Youtube|2
Tại sao Ronaldo lại sút mạnh như thế|3
Chi phí thi TOEIC năm nay|3
Ai là thủ môn hay nhất thế giới|3
Công thức làm món trứng luộc|3
Vòng tuần hoàn của nước|3
Mở Youtube|2
Mở trình duyệt|3
Mở Netflix|5
Giảm âm lượng 2|1
Tăng âm lượng 2|1
Giảm âm lượng 15|1
Tăng âm lượng 10|1
Tắt âm|1
Tìm kiếm cách rán trứng trên Youtube|2
Việt Nam Thái Lan|3
Lịch sử Youtube|3
Ông chủ của Youtube là ai|3
Con gà với quả trứng cái nào có trước|3
Đen Vâu trên Youtube|3
Tắt âm|1
Tăng âm lượng lên 9|1
Hãy tắt âm lượng|1
Hãy tăng âm lượng thêm 3|1
Hãy tăng âm lượng thêm 12|1
Hãy tăng âm lượng thêm 9|1
Hãy tăng âm lượng TV thêm 15|1
Hãy tăng âm lượng thêm 22|1
Hãy tăng âm lượng của TV thêm 67|1
Hãy mở Sơn Tùng trên Youtube|3
Tìm kiếm lịch sử Youtube|3
Sơn Tùng là ai|3
Xem thời tiết hôm nay|3
Xem lịch âm|3
Mở đi về nhà trên Youtube|2
Mở Thái Trinh trên Youtube|2
Hãy mở Thái Trinh trên Youtube|2
4 cộng 12|3
Highligh Ronaldo|2
Bạn muốn hẹn hò|2
Sao nhập ngũ tập 5|2
Phê phim phân tích phim|2
Ai là người phát hiện ra châu Mỹ|3
Tăng thêm 1 kênh|4
Giảm đi 1 kênh|4
Hãy mở kênh 78|4
Hãy mở kênh 7|4
Hãy mở kênh 1|4
Mở kênh 1|4
Vật vờ studio trên Youtube|2
Anh em TV trên Youtube|2
Tinh tế đánh giá điện thoại|3
Nên mua tủ lạnh ở đâu Hà Nội|3
Nên mua tủ lạnh của hãng nào|3
Nàng thơ Hoàng Dũng|2
Vật vờ đánh giá Iphone 12|2
Người Nga hài hước|2
Con người khả năng kì diệu|2
Tin tức hôm nay|2
Các táo gấp rút tập luyện cho giao thừa|2
Cuộc thi đánh vần ở Mỹ|2
Đen một triệu like|2
Vùng ký ức Thái Trinh|2
Kỹ năng cắt trái cây|2
Hướng dẫn nấu súp lơ|3
Video kỹ năng cắt trái cây|2
Làm gì phải hốt Youtube|2
Chuyển động 24 giờ hôm nay|2
Cách dạy mèo nghe lời|2
Cách huấn luyện chó đi vệ sinh|2
Nên mua giày ở đâu|3
Đánh giá xe hơi|2
Đầu bếp đại chiến tập 5|2
Ai là người đàn ông khỏe nhất thế giới|3
15 bài hát hay nhất|2
10 bài hát buồn nhất|2
Những ca khúc hay nhất của Sơn Tùng|2
Những tính năng người dùng Iphone phải biết|2
Nên nói gì khi gặp người yêu cũ|3
Táo quân 2017|2
Táo quân 2016 Tự Long|2
Ai là triệu phú tuần này|2
Hãy chọn giá đúng số 20|2
Ai là người cao nhất thế giới|3
Cách nấu xôi|3
Làm thế nào để tắt âm điện thoại|3
Làm thế nào để tắt âm|3
Tắt âm TV|1
Cách tắt âm điện thoại|3
Cách tắt nguồn điện thoại|3
Chúa là ai|3
Ai tạo ra loài người|3
Tại sao Ronaldo laị nhảy cao|2
Chuyển kênh 20 trên TV|4
Chuyển kênh 20|4
Bật kênh 10|4
Tăng thêm 1 kênh|4
Tăng thêm 4 kênh|4
Kênh đào nào dài nhất thế giới|3
Lịch chiếu bóng đá|3
Kênh 14|4
Kênh 1|4
CHuyển kênh 57|4
Tăng thêm 3 kênh|4
Kênh nào xuyên qua châu Mỹ|3
Video người rê bóng|2
Mở video bóng chuyền|2
Mở video bóng chuyền bãi biển|2
Mở video chó chạy bộ|2
Mở video Xuân Mai|2
Bé Xuân Mai|2
Hồ Chí Minh là ai|3
Tiểu sử Hồ Chí Minh|3
Nhà thơ xuất sắc nhất|3
Đánh giá Macbook|2
Vinh xô đánh giá điện thoại|2
Ai là người thông minh hơn học sinh lớp 5|2
Ai là người sút mạnh nhất|3
Cầu thủ già nhất đá bóng|3
Kỹ thuật sút bóng video|2
Video cá heo bơi|2
Cá heo cứu người|3
Cách tắt màn hình điện thoại|3
Cách chụp màn hình điện thoại|3
Các nấu canh chua|3
Video dạy nấu ăn|2
Mở bạn muốn hẹn hò tập 106|2
Youtube do ai thành lập|3
Youtube là gì|3
Người sở hữu Youtube là ai|3
Video kênh đào Panama|2
Qúa trình xây dựng kim tự tháp|2
Video hướng dẫn đào kênh|2
Hướng dẫn bơi|2
Mua truyện tranh ở đâu|3
Ai là người đầu tiên bước lên mặt trăng|3
Chiến tranh lạnh|3
Bài hát không lời|2
Nhạc hay nhất Phan Đình Tùng|2
Nhạc Thái Trinh|2
Tìm kiếm tài năng âm nhạc|2
Tóm tắt cô dâu 8 tuổi|2
Tóm tắt phim cô gái nhà người ta|2
Cách quay màn hình|3
Các thủ thuật hay trên điện thoại|2
Tiểu sử người giàu nhất thế giới|2
100 điều bạn chưa biết|2
Hướng dẫn động tác rửa bát|2
Rửa rau sao cho sạch|2
Động tác sút bóng|2
Hướng dẫn đá bóng|2
Kênh nào dài thứ 2 thế giới|3
Kênh 19 trên TV|4
Kênh 1 trên TV|1
10 con kênh dài nhất thế giới|3
Kênh 10|4
Hướng dẫn xào rau|2
Sút xa trong bóng đá|2
Chi Pu hát phô|2
Thùy Chi giấc mơ trưa|2
Sơn Tùng lạc trôi|2
Câu nói hay nhất năm 2020|3
Số người nhiệm covid Việt Nam|3
Ai là người đặt tên các tỉnh|3
Tắt âm trên điện thoại như thế nào|3
Âm thanh là gì|3
Tắt âm TV|1
Hãy tắt âm TV|1
Hãy tìm kiếm chiều dài sông Nin|3
Sông dài nhất thế giới|3
Hướng dẫn chơi dota2 trên Youtube|2
Hướng dẫn chơi liên quân trên Youtube|2
Ronaldo sút mạnh |2
Tìm kiếm chi phí thi TOEIC năm 2011|3
Thủ môn hay nhất thế giới 2001|3
Hướng dẫn làm món trứng luộc|2
Chó Phú Quốc |2
Kênh thông tin bộ giáo dục|3
Quảng cáo Pepsi|2
Hướng dẫn đá bóng|2
Hướng dẫn sút xa bóng đá|2
Video nhóm nhạc bức tường|2
Bức tường tiếng gọi|2
Bức tường đường dẫn tới thành công|2
Cách lắp bóng đèn|2
Nhạc êm dịu dễ ngủ|2
Biểu diễn nhạc nước|2
Đánh đàn nơi công cộng|2
Video dạy bơi|2
Trình diễn nhạc nước|2
Thái Trinh trên Youtube|2
Kênh 22|4
Kênh 13 trên TV|4
Kênh 99|4
Mở kênh 21|4
Hãy mở kênh 12|4
Kênh nhà Lê lịch sử|3
Video xây dựng kênh|2
Kênh Youtube nào nhiều lượt xem nhất|3
Youtube nhiều lượt xem nhất|3
Ai là người có nhiều lượt theo dõi nhất Youtube|3
Video hướng dẫn gỡ trình duyệt|3
Hướng dẫn gỡ phần mềm trên máy tính|3
Ai là người cao nhất thế giới|3
Làm sao kiếm tiền trên Youtube|3
Kiếm tiền trên Youtube như thế nào|3
Ai là người giàu nhất Youtube Việt Nam|3
Mở Sơn Tùng trên Youtube|2
Kiếm tiền Youtube như thế nào|3
Youtuber nổi tiếng nhất|3
Nữ sinh đánh nhau|2
Võ thuật đỉnh cao|2
Khả năng con người|2
Trình diễn múa lân|2
Trình diễn múa lửa|2
Đánh nhau trên tàu|2
Tàu chiến của Mỹ|2
Mỹ bắn tên lửa|2
Xem vượt ngục trên Youtube|2
Phan Mạnh Quỳnh trên Youtube|2
Phan Mạnh Quỳnh là ai|3
Rồng châu Á đánh nhau|2
